,Name,Class
0,bench/61.jpg,0
1,bench/bench0.jpg,0
2,bench/bench1.jpg,0
3,bench/bench10.jpg,0
4,bench/bench100.jpg,0
5,bench/bench101.jpg,0
6,bench/bench102.jpg,0
7,bench/bench103.jpg,0
8,bench/bench104.jpg,0
9,bench/bench105.jpg,0
10,bench/bench106.jpg,0
11,bench/bench107.jpg,0
12,bench/bench108.jpg,0
13,bench/bench109.jpg,0
14,bench/bench11.jpg,0
15,bench/bench110.jpg,0
16,bench/bench111.jpg,0
17,bench/bench112.jpg,0
18,bench/bench113.jpg,0
19,bench/bench114.jpg,0
20,bench/bench115.jpg,0
21,bench/bench116.jpg,0
22,bench/bench117.jpg,0
23,bench/bench118.jpg,0
24,bench/bench119.jpg,0
25,bench/bench12.jpg,0
26,bench/bench120.jpg,0
27,bench/bench121.jpg,0
28,bench/bench122.jpg,0
29,bench/bench123.jpg,0
30,bench/bench124.jpg,0
31,bench/bench125.jpg,0
32,bench/bench126.jpg,0
33,bench/bench127.jpg,0
34,bench/bench128.jpg,0
35,bench/bench129.jpg,0
36,bench/bench13.jpg,0
37,bench/bench130.jpg,0
38,bench/bench131.jpg,0
39,bench/bench132.jpg,0
40,bench/bench133.jpg,0
41,bench/bench134.jpg,0
42,bench/bench135.jpg,0
43,bench/bench136.jpg,0
44,bench/bench137.jpg,0
45,bench/bench138.jpg,0
46,bench/bench139.jpg,0
47,bench/bench14.jpg,0
48,bench/bench140.jpg,0
49,bench/bench141.jpg,0
50,bench/bench142.jpg,0
51,bench/bench143.jpg,0
52,bench/bench144.jpg,0
53,bench/bench145.jpg,0
54,bench/bench146.jpg,0
55,bench/bench147.jpg,0
56,bench/bench148.jpg,0
57,bench/bench149.jpg,0
58,bench/bench15.jpg,0
59,bench/bench150.jpg,0
60,bench/bench151.jpg,0
61,bench/bench152.jpg,0
62,bench/bench153.jpg,0
63,bench/bench154.jpg,0
64,bench/bench155.jpg,0
65,bench/bench156.jpg,0
66,bench/bench157.jpg,0
67,bench/bench158.jpg,0
68,bench/bench159.jpg,0
69,bench/bench16.jpg,0
70,bench/bench160.jpg,0
71,bench/bench161.jpg,0
72,bench/bench162.jpg,0
73,bench/bench163.jpg,0
74,bench/bench164.jpg,0
75,bench/bench165.jpg,0
76,bench/bench166.jpg,0
77,bench/bench167.jpg,0
78,bench/bench168.jpg,0
79,bench/bench169.jpg,0
80,bench/bench17.jpg,0
81,bench/bench170.jpg,0
82,bench/bench171.jpg,0
83,bench/bench172.jpg,0
84,bench/bench173.jpg,0
85,bench/bench174.jpg,0
86,bench/bench175.jpg,0
87,bench/bench176.jpg,0
88,bench/bench177.jpg,0
89,bench/bench178.jpg,0
90,bench/bench179.jpg,0
91,bench/bench18.jpg,0
92,bench/bench180.jpg,0
93,bench/bench181.jpg,0
94,bench/bench182.jpg,0
95,bench/bench183.jpg,0
96,bench/bench184.jpg,0
97,bench/bench185.jpg,0
98,bench/bench186.jpg,0
99,bench/bench187.jpg,0
100,bench/bench188.jpg,0
101,bench/bench189.jpg,0
102,bench/bench19.jpg,0
103,bench/bench190.jpg,0
104,bench/bench191.jpg,0
105,bench/bench192.jpg,0
106,bench/bench193.jpg,0
107,bench/bench194.jpg,0
108,bench/bench195.jpg,0
109,bench/bench196.jpg,0
110,bench/bench197.jpg,0
111,bench/bench198.jpg,0
112,bench/bench199.jpg,0
113,bench/bench2.jpg,0
114,bench/bench20.jpg,0
115,bench/bench200.jpg,0
116,bench/bench201.jpg,0
117,bench/bench202.jpg,0
118,bench/bench203.jpg,0
119,bench/bench204.jpg,0
120,bench/bench205.jpg,0
121,bench/bench206.jpg,0
122,bench/bench207.jpg,0
123,bench/bench208.jpg,0
124,bench/bench209.jpg,0
125,bench/bench21.jpg,0
126,bench/bench210.jpg,0
127,bench/bench211.jpg,0
128,bench/bench212.jpg,0
129,bench/bench213.jpg,0
130,bench/bench214.jpg,0
131,bench/bench215.jpg,0
132,bench/bench216.jpg,0
133,bench/bench217.jpg,0
134,bench/bench218.jpg,0
135,bench/bench219.jpg,0
136,bench/bench22.jpg,0
137,bench/bench220.jpg,0
138,bench/bench221.jpg,0
139,bench/bench222.jpg,0
140,bench/bench223.jpg,0
141,bench/bench224.jpg,0
142,bench/bench225.jpg,0
143,bench/bench226.jpg,0
144,bench/bench227.jpg,0
145,bench/bench228.jpg,0
146,bench/bench229.jpg,0
147,bench/bench23.jpg,0
148,bench/bench230.jpg,0
149,bench/bench231.jpg,0
150,bench/bench232.jpg,0
151,bench/bench233.jpg,0
152,bench/bench234.jpg,0
153,bench/bench235.jpg,0
154,bench/bench236.jpg,0
155,bench/bench237.jpg,0
156,bench/bench238.jpg,0
157,bench/bench239.jpg,0
158,bench/bench24.jpg,0
159,bench/bench240.jpg,0
160,bench/bench241.jpg,0
161,bench/bench242.jpg,0
162,bench/bench243.jpg,0
163,bench/bench244.jpg,0
164,bench/bench245.jpg,0
165,bench/bench246.jpg,0
166,bench/bench247.jpg,0
167,bench/bench248.jpg,0
168,bench/bench249.jpg,0
169,bench/bench25.jpg,0
170,bench/bench250.jpg,0
171,bench/bench251.jpg,0
172,bench/bench252.jpg,0
173,bench/bench253.jpg,0
174,bench/bench254.jpg,0
175,bench/bench255.jpg,0
176,bench/bench256.jpg,0
177,bench/bench257.jpg,0
178,bench/bench258.jpg,0
179,bench/bench259.jpg,0
180,bench/bench26.jpg,0
181,bench/bench260.jpg,0
182,bench/bench261.jpg,0
183,bench/bench262.jpg,0
184,bench/bench263.jpg,0
185,bench/bench264.jpg,0
186,bench/bench265.jpg,0
187,bench/bench266.jpg,0
188,bench/bench267.jpg,0
189,bench/bench268.jpg,0
190,bench/bench269.jpg,0
191,bench/bench27.jpg,0
192,bench/bench270.jpg,0
193,bench/bench271.jpg,0
194,bench/bench272.jpg,0
195,bench/bench273.jpg,0
196,bench/bench274.jpg,0
197,bench/bench275.jpg,0
198,bench/bench276.jpg,0
199,bench/bench277.jpg,0
200,bench/bench278.jpg,0
201,bench/bench279.jpg,0
202,bench/bench28.jpg,0
203,bench/bench280.jpg,0
204,bench/bench281.jpg,0
205,bench/bench282.jpg,0
206,bench/bench283.jpg,0
207,bench/bench284.jpg,0
208,bench/bench285.jpg,0
209,bench/bench286.jpg,0
210,bench/bench287.jpg,0
211,bench/bench288.jpg,0
212,bench/bench289.jpg,0
213,bench/bench29.jpg,0
214,bench/bench290.jpg,0
215,bench/bench291.jpg,0
216,bench/bench292.jpg,0
217,bench/bench293.jpg,0
218,bench/bench294.jpg,0
219,bench/bench295.jpg,0
220,bench/bench296.jpg,0
221,bench/bench297.jpg,0
222,bench/bench298.jpg,0
223,bench/bench3.jpg,0
224,bench/bench30.jpg,0
225,bench/bench31.jpg,0
226,bench/bench32.jpg,0
227,bench/bench33.jpg,0
228,bench/bench34.jpg,0
229,bench/bench35.jpg,0
230,bench/bench36.jpg,0
231,bench/bench37.jpg,0
232,bench/bench38.jpg,0
233,bench/bench39.jpg,0
234,bench/bench4.jpg,0
235,bench/bench40.jpg,0
236,bench/bench41.jpg,0
237,bench/bench42.jpg,0
238,bench/bench43.jpg,0
239,bench/bench44.jpg,0
240,bench/bench45.jpg,0
241,bench/bench46.jpg,0
242,bench/bench47.jpg,0
243,bench/bench48.jpg,0
244,bench/bench49.jpg,0
245,bench/bench5.jpg,0
246,bench/bench50.jpg,0
247,bench/bench51.jpg,0
248,bench/bench52.jpg,0
249,bench/bench53.jpg,0
250,bench/bench54.jpg,0
251,bench/bench55.jpg,0
252,bench/bench56.jpg,0
253,bench/bench57.jpg,0
254,bench/bench58.jpg,0
255,bench/bench59.jpg,0
256,bench/bench6.jpg,0
257,bench/bench60.jpg,0
258,bench/bench61.jpg,0
259,bench/bench62.jpg,0
260,bench/bench63.jpg,0
261,bench/bench64.jpg,0
262,bench/bench65.jpg,0
263,bench/bench66.jpg,0
264,bench/bench67.jpg,0
265,bench/bench68.jpg,0
266,bench/bench69.jpg,0
267,bench/bench7.jpg,0
268,bench/bench70.jpg,0
269,bench/bench71.jpg,0
270,bench/bench72.jpg,0
271,bench/bench73.jpg,0
272,bench/bench74.jpg,0
273,bench/bench75.jpg,0
274,bench/bench76.jpg,0
275,bench/bench77.jpg,0
276,bench/bench78.jpg,0
277,bench/bench79.jpg,0
278,bench/bench8.jpg,0
279,bench/bench80.jpg,0
280,bench/bench81.jpg,0
281,bench/bench82.jpg,0
282,bench/bench83.jpg,0
283,bench/bench84.jpg,0
284,bench/bench85.jpg,0
285,bench/bench86.jpg,0
286,bench/bench87.jpg,0
287,bench/bench88.jpg,0
288,bench/bench89.jpg,0
289,bench/bench9.jpg,0
290,bench/bench90.jpg,0
291,bench/bench91.jpg,0
292,bench/bench92.jpg,0
293,bench/bench93.jpg,0
294,bench/bench94.jpg,0
295,bench/bench95.jpg,0
296,bench/bench96.jpg,0
297,bench/bench97.jpg,0
298,bench/bench98.jpg,0
299,bench/bench99.jpg,0
300,bench/rotatedbench99.jpg,0
301,deadlift/deadlift0.jpg,1
302,deadlift/deadlift1.jpg,1
303,deadlift/deadlift10.jpg,1
304,deadlift/deadlift100.jpg,1
305,deadlift/deadlift101.jpg,1
306,deadlift/deadlift102.jpg,1
307,deadlift/deadlift103.jpg,1
308,deadlift/deadlift104.jpg,1
309,deadlift/deadlift105.jpg,1
310,deadlift/deadlift106.jpg,1
311,deadlift/deadlift107.jpg,1
312,deadlift/deadlift108.jpg,1
313,deadlift/deadlift109.jpg,1
314,deadlift/deadlift11.jpg,1
315,deadlift/deadlift110.jpg,1
316,deadlift/deadlift111.jpg,1
317,deadlift/deadlift112.jpg,1
318,deadlift/deadlift113.jpg,1
319,deadlift/deadlift114.jpg,1
320,deadlift/deadlift115.jpg,1
321,deadlift/deadlift116.jpg,1
322,deadlift/deadlift117.jpg,1
323,deadlift/deadlift118.jpg,1
324,deadlift/deadlift119.jpg,1
325,deadlift/deadlift12.jpg,1
326,deadlift/deadlift120.jpg,1
327,deadlift/deadlift121.jpg,1
328,deadlift/deadlift122.jpg,1
329,deadlift/deadlift123.jpg,1
330,deadlift/deadlift124.jpg,1
331,deadlift/deadlift125.jpg,1
332,deadlift/deadlift126.jpg,1
333,deadlift/deadlift127.jpg,1
334,deadlift/deadlift128.jpg,1
335,deadlift/deadlift129.jpg,1
336,deadlift/deadlift13.jpg,1
337,deadlift/deadlift130.jpg,1
338,deadlift/deadlift131.jpg,1
339,deadlift/deadlift132.jpg,1
340,deadlift/deadlift133.jpg,1
341,deadlift/deadlift134.jpg,1
342,deadlift/deadlift135.jpg,1
343,deadlift/deadlift136.jpg,1
344,deadlift/deadlift137.jpg,1
345,deadlift/deadlift138.jpg,1
346,deadlift/deadlift139.jpg,1
347,deadlift/deadlift14.jpg,1
348,deadlift/deadlift140.jpg,1
349,deadlift/deadlift141.jpg,1
350,deadlift/deadlift142.jpg,1
351,deadlift/deadlift143.jpg,1
352,deadlift/deadlift144.jpg,1
353,deadlift/deadlift145.jpg,1
354,deadlift/deadlift146.jpg,1
355,deadlift/deadlift147.jpg,1
356,deadlift/deadlift148.jpg,1
357,deadlift/deadlift149.jpg,1
358,deadlift/deadlift15.jpg,1
359,deadlift/deadlift150.jpg,1
360,deadlift/deadlift151.jpg,1
361,deadlift/deadlift152.jpg,1
362,deadlift/deadlift153.jpg,1
363,deadlift/deadlift154.jpg,1
364,deadlift/deadlift155.jpg,1
365,deadlift/deadlift156.jpg,1
366,deadlift/deadlift157.jpg,1
367,deadlift/deadlift158.jpg,1
368,deadlift/deadlift159.jpg,1
369,deadlift/deadlift16.jpg,1
370,deadlift/deadlift160.jpg,1
371,deadlift/deadlift161.jpg,1
372,deadlift/deadlift162.jpg,1
373,deadlift/deadlift163.jpg,1
374,deadlift/deadlift164.jpg,1
375,deadlift/deadlift165.jpg,1
376,deadlift/deadlift166.jpg,1
377,deadlift/deadlift167.jpg,1
378,deadlift/deadlift168.jpg,1
379,deadlift/deadlift169.jpg,1
380,deadlift/deadlift17.jpg,1
381,deadlift/deadlift170.jpg,1
382,deadlift/deadlift171.jpg,1
383,deadlift/deadlift172.jpg,1
384,deadlift/deadlift173.jpg,1
385,deadlift/deadlift174.jpg,1
386,deadlift/deadlift175.jpg,1
387,deadlift/deadlift176.jpg,1
388,deadlift/deadlift177.jpg,1
389,deadlift/deadlift178.jpg,1
390,deadlift/deadlift179.jpg,1
391,deadlift/deadlift18.jpg,1
392,deadlift/deadlift180.jpg,1
393,deadlift/deadlift181.jpg,1
394,deadlift/deadlift182.jpg,1
395,deadlift/deadlift183.jpg,1
396,deadlift/deadlift184.jpg,1
397,deadlift/deadlift185.jpg,1
398,deadlift/deadlift186.jpg,1
399,deadlift/deadlift187.jpg,1
400,deadlift/deadlift188.jpg,1
401,deadlift/deadlift189.jpg,1
402,deadlift/deadlift19.jpg,1
403,deadlift/deadlift190.jpg,1
404,deadlift/deadlift191.jpg,1
405,deadlift/deadlift192.jpg,1
406,deadlift/deadlift193.jpg,1
407,deadlift/deadlift194.jpg,1
408,deadlift/deadlift195.jpg,1
409,deadlift/deadlift196.jpg,1
410,deadlift/deadlift197.jpg,1
411,deadlift/deadlift198.jpg,1
412,deadlift/deadlift199.jpg,1
413,deadlift/deadlift2.jpg,1
414,deadlift/deadlift20.jpg,1
415,deadlift/deadlift200.jpg,1
416,deadlift/deadlift201.jpg,1
417,deadlift/deadlift202.jpg,1
418,deadlift/deadlift203.jpg,1
419,deadlift/deadlift204.jpg,1
420,deadlift/deadlift205.jpg,1
421,deadlift/deadlift206.jpg,1
422,deadlift/deadlift207.jpg,1
423,deadlift/deadlift208.jpg,1
424,deadlift/deadlift209.jpg,1
425,deadlift/deadlift21.jpg,1
426,deadlift/deadlift210.jpg,1
427,deadlift/deadlift211.jpg,1
428,deadlift/deadlift212.jpg,1
429,deadlift/deadlift213.jpg,1
430,deadlift/deadlift214.jpg,1
431,deadlift/deadlift215.jpg,1
432,deadlift/deadlift216.jpg,1
433,deadlift/deadlift217.jpg,1
434,deadlift/deadlift218.jpg,1
435,deadlift/deadlift219.jpg,1
436,deadlift/deadlift22.jpg,1
437,deadlift/deadlift220.jpg,1
438,deadlift/deadlift221.jpg,1
439,deadlift/deadlift222.jpg,1
440,deadlift/deadlift223.jpg,1
441,deadlift/deadlift224.jpg,1
442,deadlift/deadlift225.jpg,1
443,deadlift/deadlift226.jpg,1
444,deadlift/deadlift227.jpg,1
445,deadlift/deadlift228.jpg,1
446,deadlift/deadlift229.jpg,1
447,deadlift/deadlift23(1).jpg,1
448,deadlift/deadlift23.jpg,1
449,deadlift/deadlift230.jpg,1
450,deadlift/deadlift231.jpg,1
451,deadlift/deadlift232.jpg,1
452,deadlift/deadlift233.jpg,1
453,deadlift/deadlift234.jpg,1
454,deadlift/deadlift235.jpg,1
455,deadlift/deadlift236.jpg,1
456,deadlift/deadlift237.jpg,1
457,deadlift/deadlift238.jpg,1
458,deadlift/deadlift239.jpg,1
459,deadlift/deadlift24(1).jpg,1
460,deadlift/deadlift24.jpg,1
461,deadlift/deadlift240.jpg,1
462,deadlift/deadlift241.jpg,1
463,deadlift/deadlift242.jpg,1
464,deadlift/deadlift243.jpg,1
465,deadlift/deadlift244.jpg,1
466,deadlift/deadlift245.jpg,1
467,deadlift/deadlift246.jpg,1
468,deadlift/deadlift247.jpg,1
469,deadlift/deadlift248.jpg,1
470,deadlift/deadlift249.jpg,1
471,deadlift/deadlift25(1).jpg,1
472,deadlift/deadlift25.jpg,1
473,deadlift/deadlift250.jpg,1
474,deadlift/deadlift251.jpg,1
475,deadlift/deadlift252.jpg,1
476,deadlift/deadlift253.jpg,1
477,deadlift/deadlift254.jpg,1
478,deadlift/deadlift255.jpg,1
479,deadlift/deadlift256.jpg,1
480,deadlift/deadlift257.jpg,1
481,deadlift/deadlift258.jpg,1
482,deadlift/deadlift259.jpg,1
483,deadlift/deadlift26(1).jpg,1
484,deadlift/deadlift26.jpg,1
485,deadlift/deadlift260.jpg,1
486,deadlift/deadlift261.jpg,1
487,deadlift/deadlift262.jpg,1
488,deadlift/deadlift263.jpg,1
489,deadlift/deadlift264.jpg,1
490,deadlift/deadlift265.jpg,1
491,deadlift/deadlift266.jpg,1
492,deadlift/deadlift267.jpg,1
493,deadlift/deadlift268.jpg,1
494,deadlift/deadlift269.jpg,1
495,deadlift/deadlift27(1).jpg,1
496,deadlift/deadlift27.jpg,1
497,deadlift/deadlift270.jpg,1
498,deadlift/deadlift271.jpg,1
499,deadlift/deadlift272.jpg,1
500,deadlift/deadlift273.jpg,1
501,deadlift/deadlift274.jpg,1
502,deadlift/deadlift275.jpg,1
503,deadlift/deadlift276.jpg,1
504,deadlift/deadlift277.jpg,1
505,deadlift/deadlift278.jpg,1
506,deadlift/deadlift279.jpg,1
507,deadlift/deadlift28(1).jpg,1
508,deadlift/deadlift28.jpg,1
509,deadlift/deadlift280.jpg,1
510,deadlift/deadlift281.jpg,1
511,deadlift/deadlift282.jpg,1
512,deadlift/deadlift283.jpg,1
513,deadlift/deadlift284.jpg,1
514,deadlift/deadlift285.jpg,1
515,deadlift/deadlift286.jpg,1
516,deadlift/deadlift287.jpg,1
517,deadlift/deadlift288.jpg,1
518,deadlift/deadlift289.jpg,1
519,deadlift/deadlift29(1).jpg,1
520,deadlift/deadlift29.jpg,1
521,deadlift/deadlift290.jpg,1
522,deadlift/deadlift291.jpg,1
523,deadlift/deadlift292.jpg,1
524,deadlift/deadlift293.jpg,1
525,deadlift/deadlift294.jpg,1
526,deadlift/deadlift295.jpg,1
527,deadlift/deadlift296.jpg,1
528,deadlift/deadlift297.jpg,1
529,deadlift/deadlift298.jpg,1
530,deadlift/deadlift299.jpg,1
531,deadlift/deadlift3.jpg,1
532,deadlift/deadlift30(1).jpg,1
533,deadlift/deadlift30.jpg,1
534,deadlift/deadlift300.jpg,1
535,deadlift/deadlift301.jpg,1
536,deadlift/deadlift302.jpg,1
537,deadlift/deadlift303.jpg,1
538,deadlift/deadlift304.jpg,1
539,deadlift/deadlift305.jpg,1
540,deadlift/deadlift306.jpg,1
541,deadlift/deadlift307.jpg,1
542,deadlift/deadlift308.jpg,1
543,deadlift/deadlift309.jpg,1
544,deadlift/deadlift31(1).jpg,1
545,deadlift/deadlift31.jpg,1
546,deadlift/deadlift310.jpg,1
547,deadlift/deadlift311.jpg,1
548,deadlift/deadlift312.jpg,1
549,deadlift/deadlift313.jpg,1
550,deadlift/deadlift314.jpg,1
551,deadlift/deadlift315.jpg,1
552,deadlift/deadlift316.jpg,1
553,deadlift/deadlift317.jpg,1
554,deadlift/deadlift318.jpg,1
555,deadlift/deadlift319.jpg,1
556,deadlift/deadlift32(1).jpg,1
557,deadlift/deadlift32.jpg,1
558,deadlift/deadlift320.jpg,1
559,deadlift/deadlift321.jpg,1
560,deadlift/deadlift322.jpg,1
561,deadlift/deadlift323.jpg,1
562,deadlift/deadlift324.jpg,1
563,deadlift/deadlift325.jpg,1
564,deadlift/deadlift326.jpg,1
565,deadlift/deadlift327.jpg,1
566,deadlift/deadlift328.jpg,1
567,deadlift/deadlift329.jpg,1
568,deadlift/deadlift33.jpg,1
569,deadlift/deadlift330.jpg,1
570,deadlift/deadlift331.jpg,1
571,deadlift/deadlift332.jpg,1
572,deadlift/deadlift333.jpg,1
573,deadlift/deadlift334.jpg,1
574,deadlift/deadlift335.jpg,1
575,deadlift/deadlift336.jpg,1
576,deadlift/deadlift337.jpg,1
577,deadlift/deadlift338.jpg,1
578,deadlift/deadlift339.jpg,1
579,deadlift/deadlift34.jpg,1
580,deadlift/deadlift340.jpg,1
581,deadlift/deadlift341.jpg,1
582,deadlift/deadlift342.jpg,1
583,deadlift/deadlift343.jpg,1
584,deadlift/deadlift344.jpg,1
585,deadlift/deadlift345.jpg,1
586,deadlift/deadlift346.jpg,1
587,deadlift/deadlift347.jpg,1
588,deadlift/deadlift348.jpg,1
589,deadlift/deadlift349.jpg,1
590,deadlift/deadlift35.jpg,1
591,deadlift/deadlift350.jpg,1
592,deadlift/deadlift351.jpg,1
593,deadlift/deadlift352.jpg,1
594,deadlift/deadlift353.jpg,1
595,deadlift/deadlift354.jpg,1
596,deadlift/deadlift355.jpg,1
597,deadlift/deadlift356.jpg,1
598,deadlift/deadlift357.jpg,1
599,deadlift/deadlift358.jpg,1
600,deadlift/deadlift359.jpg,1
601,deadlift/deadlift36.jpg,1
602,deadlift/deadlift360.jpg,1
603,deadlift/deadlift361.jpg,1
604,deadlift/deadlift362.jpg,1
605,deadlift/deadlift363.jpg,1
606,deadlift/deadlift364.jpg,1
607,deadlift/deadlift365.jpg,1
608,deadlift/deadlift366.jpg,1
609,deadlift/deadlift367.jpg,1
610,deadlift/deadlift368.jpg,1
611,deadlift/deadlift369.jpg,1
612,deadlift/deadlift37.jpg,1
613,deadlift/deadlift370.jpg,1
614,deadlift/deadlift371.jpg,1
615,deadlift/deadlift372.jpg,1
616,deadlift/deadlift373.jpg,1
617,deadlift/deadlift374.jpg,1
618,deadlift/deadlift375.jpg,1
619,deadlift/deadlift376.jpg,1
620,deadlift/deadlift377.jpg,1
621,deadlift/deadlift378.jpg,1
622,deadlift/deadlift379.jpg,1
623,deadlift/deadlift38.jpg,1
624,deadlift/deadlift380.jpg,1
625,deadlift/deadlift381.jpg,1
626,deadlift/deadlift382.jpg,1
627,deadlift/deadlift383.jpg,1
628,deadlift/deadlift384.jpg,1
629,deadlift/deadlift385.jpg,1
630,deadlift/deadlift386.jpg,1
631,deadlift/deadlift387.jpg,1
632,deadlift/deadlift388.jpg,1
633,deadlift/deadlift389.jpg,1
634,deadlift/deadlift39.jpg,1
635,deadlift/deadlift390.jpg,1
636,deadlift/deadlift391.jpg,1
637,deadlift/deadlift392.jpg,1
638,deadlift/deadlift393.jpg,1
639,deadlift/deadlift394.jpg,1
640,deadlift/deadlift395.jpg,1
641,deadlift/deadlift396.jpg,1
642,deadlift/deadlift397.jpg,1
643,deadlift/deadlift398.jpg,1
644,deadlift/deadlift399.jpg,1
645,deadlift/deadlift4.jpg,1
646,deadlift/deadlift40.jpg,1
647,deadlift/deadlift400.jpg,1
648,deadlift/deadlift401.jpg,1
649,deadlift/deadlift402.jpg,1
650,deadlift/deadlift403.jpg,1
651,deadlift/deadlift404.jpg,1
652,deadlift/deadlift405.jpg,1
653,deadlift/deadlift406.jpg,1
654,deadlift/deadlift407.jpg,1
655,deadlift/deadlift408.jpg,1
656,deadlift/deadlift409.jpg,1
657,deadlift/deadlift41.jpg,1
658,deadlift/deadlift410.jpg,1
659,deadlift/deadlift411.jpg,1
660,deadlift/deadlift412.jpg,1
661,deadlift/deadlift413.jpg,1
662,deadlift/deadlift414.jpg,1
663,deadlift/deadlift415.jpg,1
664,deadlift/deadlift416.jpg,1
665,deadlift/deadlift417.jpg,1
666,deadlift/deadlift418.jpg,1
667,deadlift/deadlift419.jpg,1
668,deadlift/deadlift42.jpg,1
669,deadlift/deadlift420.jpg,1
670,deadlift/deadlift421.jpg,1
671,deadlift/deadlift422.jpg,1
672,deadlift/deadlift423.jpg,1
673,deadlift/deadlift424.jpg,1
674,deadlift/deadlift425.jpg,1
675,deadlift/deadlift426.jpg,1
676,deadlift/deadlift427.jpg,1
677,deadlift/deadlift428.jpg,1
678,deadlift/deadlift43.jpg,1
679,deadlift/deadlift44.jpg,1
680,deadlift/deadlift45(1).jpg,1
681,deadlift/deadlift45.jpg,1
682,deadlift/deadlift46.jpg,1
683,deadlift/deadlift47.jpg,1
684,deadlift/deadlift48.jpg,1
685,deadlift/deadlift49.jpg,1
686,deadlift/deadlift5.jpg,1
687,deadlift/deadlift50.jpg,1
688,deadlift/deadlift51.jpg,1
689,deadlift/deadlift52.jpg,1
690,deadlift/deadlift53.jpg,1
691,deadlift/deadlift54.jpg,1
692,deadlift/deadlift55.jpg,1
693,deadlift/deadlift56.jpg,1
694,deadlift/deadlift57.jpg,1
695,deadlift/deadlift58.jpg,1
696,deadlift/deadlift59.jpg,1
697,deadlift/deadlift6.jpg,1
698,deadlift/deadlift60.jpg,1
699,deadlift/deadlift61.jpg,1
700,deadlift/deadlift62.jpg,1
701,deadlift/deadlift63.jpg,1
702,deadlift/deadlift64.jpg,1
703,deadlift/deadlift65.jpg,1
704,deadlift/deadlift66.jpg,1
705,deadlift/deadlift67.jpg,1
706,deadlift/deadlift68.jpg,1
707,deadlift/deadlift69.jpg,1
708,deadlift/deadlift7.jpg,1
709,deadlift/deadlift70.jpg,1
710,deadlift/deadlift71.jpg,1
711,deadlift/deadlift72.jpg,1
712,deadlift/deadlift73.jpg,1
713,deadlift/deadlift74.jpg,1
714,deadlift/deadlift75.jpg,1
715,deadlift/deadlift76.jpg,1
716,deadlift/deadlift77.jpg,1
717,deadlift/deadlift78.jpg,1
718,deadlift/deadlift79.jpg,1
719,deadlift/deadlift8.jpg,1
720,deadlift/deadlift80.jpg,1
721,deadlift/deadlift81.jpg,1
722,deadlift/deadlift82.jpg,1
723,deadlift/deadlift83.jpg,1
724,deadlift/deadlift84.jpg,1
725,deadlift/deadlift85.jpg,1
726,deadlift/deadlift86.jpg,1
727,deadlift/deadlift87.jpg,1
728,deadlift/deadlift88.jpg,1
729,deadlift/deadlift89.jpg,1
730,deadlift/deadlift9.jpg,1
731,deadlift/deadlift90.jpg,1
732,deadlift/deadlift91.jpg,1
733,deadlift/deadlift92.jpg,1
734,deadlift/deadlift93.jpg,1
735,deadlift/deadlift94.jpg,1
736,deadlift/deadlift95.jpg,1
737,deadlift/deadlift96.jpg,1
738,deadlift/deadlift97.jpg,1
739,deadlift/deadlift98.jpg,1
740,deadlift/deadlift99.jpg,1
741,deadlift/rotated99.jpg,1
742,squat/rotated99.jpg,2
743,squat/squat0.jpg,2
744,squat/squat1.jpg,2
745,squat/squat10.jpg,2
746,squat/squat100.jpg,2
747,squat/squat101.jpg,2
748,squat/squat102.jpg,2
749,squat/squat103.jpg,2
750,squat/squat104.jpg,2
751,squat/squat105.jpg,2
752,squat/squat106.jpg,2
753,squat/squat107.jpg,2
754,squat/squat108.jpg,2
755,squat/squat109.jpg,2
756,squat/squat11.jpg,2
757,squat/squat110.jpg,2
758,squat/squat111.jpg,2
759,squat/squat112.jpg,2
760,squat/squat113.jpg,2
761,squat/squat114.jpg,2
762,squat/squat115.jpg,2
763,squat/squat116.jpg,2
764,squat/squat117.jpg,2
765,squat/squat118.jpg,2
766,squat/squat119.jpg,2
767,squat/squat12.jpg,2
768,squat/squat120.jpg,2
769,squat/squat121.jpg,2
770,squat/squat122.jpg,2
771,squat/squat123.jpg,2
772,squat/squat124.jpg,2
773,squat/squat125.jpg,2
774,squat/squat126.jpg,2
775,squat/squat127.jpg,2
776,squat/squat128.jpg,2
777,squat/squat129.jpg,2
778,squat/squat13.jpg,2
779,squat/squat130.jpg,2
780,squat/squat131.jpg,2
781,squat/squat132.jpg,2
782,squat/squat133.jpg,2
783,squat/squat134.jpg,2
784,squat/squat135.jpg,2
785,squat/squat136.jpg,2
786,squat/squat137.jpg,2
787,squat/squat138.jpg,2
788,squat/squat139.jpg,2
789,squat/squat14.jpg,2
790,squat/squat140.jpg,2
791,squat/squat141.jpg,2
792,squat/squat142.jpg,2
793,squat/squat143.jpg,2
794,squat/squat144.jpg,2
795,squat/squat145.jpg,2
796,squat/squat146.jpg,2
797,squat/squat147.jpg,2
798,squat/squat148.jpg,2
799,squat/squat149.jpg,2
800,squat/squat15.jpg,2
801,squat/squat150.jpg,2
802,squat/squat151.jpg,2
803,squat/squat152.jpg,2
804,squat/squat153.jpg,2
805,squat/squat154.jpg,2
806,squat/squat155.jpg,2
807,squat/squat156.jpg,2
808,squat/squat157.jpg,2
809,squat/squat158.jpg,2
810,squat/squat159.jpg,2
811,squat/squat16.jpg,2
812,squat/squat160.jpg,2
813,squat/squat161.jpg,2
814,squat/squat162.jpg,2
815,squat/squat163.jpg,2
816,squat/squat164.jpg,2
817,squat/squat165.jpg,2
818,squat/squat166.jpg,2
819,squat/squat167.jpg,2
820,squat/squat168.jpg,2
821,squat/squat169.jpg,2
822,squat/squat17.jpg,2
823,squat/squat170.jpg,2
824,squat/squat171.jpg,2
825,squat/squat172.jpg,2
826,squat/squat173.jpg,2
827,squat/squat174.jpg,2
828,squat/squat175.jpg,2
829,squat/squat176.jpg,2
830,squat/squat177.jpg,2
831,squat/squat178.jpg,2
832,squat/squat179.jpg,2
833,squat/squat18.jpg,2
834,squat/squat180.jpg,2
835,squat/squat181.jpg,2
836,squat/squat182.jpg,2
837,squat/squat183.jpg,2
838,squat/squat184.jpg,2
839,squat/squat185.jpg,2
840,squat/squat186.jpg,2
841,squat/squat187.jpg,2
842,squat/squat188.jpg,2
843,squat/squat189.jpg,2
844,squat/squat19.jpg,2
845,squat/squat190.jpg,2
846,squat/squat191.jpg,2
847,squat/squat192.jpg,2
848,squat/squat193.jpg,2
849,squat/squat194.jpg,2
850,squat/squat195.jpg,2
851,squat/squat196.jpg,2
852,squat/squat197.jpg,2
853,squat/squat198.jpg,2
854,squat/squat199.jpg,2
855,squat/squat2.jpg,2
856,squat/squat20.jpg,2
857,squat/squat200.jpg,2
858,squat/squat201.jpg,2
859,squat/squat202.jpg,2
860,squat/squat203.jpg,2
861,squat/squat204.jpg,2
862,squat/squat205.jpg,2
863,squat/squat206.jpg,2
864,squat/squat207.jpg,2
865,squat/squat208.jpg,2
866,squat/squat209.jpg,2
867,squat/squat21.jpg,2
868,squat/squat210.jpg,2
869,squat/squat211.jpg,2
870,squat/squat212.jpg,2
871,squat/squat213.jpg,2
872,squat/squat214.jpg,2
873,squat/squat215.jpg,2
874,squat/squat216.jpg,2
875,squat/squat217.jpg,2
876,squat/squat218.jpg,2
877,squat/squat219.jpg,2
878,squat/squat22.jpg,2
879,squat/squat220.jpg,2
880,squat/squat221.jpg,2
881,squat/squat222.jpg,2
882,squat/squat223.jpg,2
883,squat/squat224.jpg,2
884,squat/squat225.jpg,2
885,squat/squat226.jpg,2
886,squat/squat227.jpg,2
887,squat/squat228.jpg,2
888,squat/squat229.jpg,2
889,squat/squat23.jpg,2
890,squat/squat230.jpg,2
891,squat/squat231.jpg,2
892,squat/squat232.jpg,2
893,squat/squat233.jpg,2
894,squat/squat234.jpg,2
895,squat/squat235.jpg,2
896,squat/squat236.jpg,2
897,squat/squat237.jpg,2
898,squat/squat238.jpg,2
899,squat/squat239.jpg,2
900,squat/squat24.jpg,2
901,squat/squat240.jpg,2
902,squat/squat241.jpg,2
903,squat/squat242.jpg,2
904,squat/squat243.jpg,2
905,squat/squat244.jpg,2
906,squat/squat245.jpg,2
907,squat/squat246.jpg,2
908,squat/squat247.jpg,2
909,squat/squat248.jpg,2
910,squat/squat249.jpg,2
911,squat/squat25.jpg,2
912,squat/squat250.jpg,2
913,squat/squat251.jpg,2
914,squat/squat252.jpg,2
915,squat/squat253.jpg,2
916,squat/squat254.jpg,2
917,squat/squat255.jpg,2
918,squat/squat256.jpg,2
919,squat/squat257.jpg,2
920,squat/squat258.jpg,2
921,squat/squat259.jpg,2
922,squat/squat26.jpg,2
923,squat/squat260.jpg,2
924,squat/squat261.jpg,2
925,squat/squat262.jpg,2
926,squat/squat263.jpg,2
927,squat/squat264.jpg,2
928,squat/squat265.jpg,2
929,squat/squat266.jpg,2
930,squat/squat267.jpg,2
931,squat/squat268.jpg,2
932,squat/squat269.jpg,2
933,squat/squat27.jpg,2
934,squat/squat270.jpg,2
935,squat/squat271.jpg,2
936,squat/squat272.jpg,2
937,squat/squat273.jpg,2
938,squat/squat274.jpg,2
939,squat/squat275.jpg,2
940,squat/squat276.jpg,2
941,squat/squat277.jpg,2
942,squat/squat278.jpg,2
943,squat/squat279.jpg,2
944,squat/squat28.jpg,2
945,squat/squat280.jpg,2
946,squat/squat281.jpg,2
947,squat/squat282.jpg,2
948,squat/squat283.jpg,2
949,squat/squat284.jpg,2
950,squat/squat285.jpg,2
951,squat/squat286.jpg,2
952,squat/squat287.jpg,2
953,squat/squat288.jpg,2
954,squat/squat289.jpg,2
955,squat/squat29.jpg,2
956,squat/squat290.jpg,2
957,squat/squat291.jpg,2
958,squat/squat292.jpg,2
959,squat/squat293.jpg,2
960,squat/squat294.jpg,2
961,squat/squat295.jpg,2
962,squat/squat296.jpg,2
963,squat/squat297.jpg,2
964,squat/squat298.jpg,2
965,squat/squat299.jpg,2
966,squat/squat3.jpg,2
967,squat/squat30.jpg,2
968,squat/squat300.jpg,2
969,squat/squat301.jpg,2
970,squat/squat302.jpg,2
971,squat/squat31.jpg,2
972,squat/squat32.jpg,2
973,squat/squat33.jpg,2
974,squat/squat34.jpg,2
975,squat/squat35.jpg,2
976,squat/squat36.jpg,2
977,squat/squat37.jpg,2
978,squat/squat38.jpg,2
979,squat/squat39.jpg,2
980,squat/squat4.jpg,2
981,squat/squat40.jpg,2
982,squat/squat41.jpg,2
983,squat/squat42.jpg,2
984,squat/squat43.jpg,2
985,squat/squat44.jpg,2
986,squat/squat45.jpg,2
987,squat/squat46.jpg,2
988,squat/squat47.jpg,2
989,squat/squat48.jpg,2
990,squat/squat49.jpg,2
991,squat/squat5.jpg,2
992,squat/squat50.jpg,2
993,squat/squat51.jpg,2
994,squat/squat52.jpg,2
995,squat/squat53.jpg,2
996,squat/squat54.jpg,2
997,squat/squat55.jpg,2
998,squat/squat56.jpg,2
999,squat/squat57.jpg,2
1000,squat/squat58.jpg,2
1001,squat/squat59.jpg,2
1002,squat/squat6.jpg,2
1003,squat/squat60.jpg,2
1004,squat/squat61.jpg,2
1005,squat/squat62.jpg,2
1006,squat/squat63.jpg,2
1007,squat/squat64.jpg,2
1008,squat/squat65.jpg,2
1009,squat/squat66.jpg,2
1010,squat/squat67.jpg,2
1011,squat/squat68.jpg,2
1012,squat/squat69.jpg,2
1013,squat/squat7.jpg,2
1014,squat/squat70.jpg,2
1015,squat/squat71.jpg,2
1016,squat/squat72.jpg,2
1017,squat/squat73.jpg,2
1018,squat/squat74.jpg,2
1019,squat/squat75.jpg,2
1020,squat/squat76.jpg,2
1021,squat/squat77.jpg,2
1022,squat/squat78.jpg,2
1023,squat/squat79.jpg,2
1024,squat/squat8.jpg,2
1025,squat/squat80.jpg,2
1026,squat/squat81.jpg,2
1027,squat/squat82.jpg,2
1028,squat/squat83.jpg,2
1029,squat/squat84.jpg,2
1030,squat/squat85.jpg,2
1031,squat/squat86.jpg,2
1032,squat/squat87.jpg,2
1033,squat/squat88.jpg,2
1034,squat/squat89.jpg,2
1035,squat/squat9.jpg,2
1036,squat/squat90.jpg,2
1037,squat/squat91.jpg,2
1038,squat/squat92.jpg,2
1039,squat/squat93.jpg,2
1040,squat/squat94.jpg,2
1041,squat/squat95.jpg,2
1042,squat/squat96.jpg,2
1043,squat/squat97.jpg,2
1044,squat/squat98.jpg,2
1045,squat/squat99.jpg,2
